year;country;article_total;article_10;article_1;subsidy_com_ratio;subsidy_pub_ratio;subsidy_univ_ratio;rd_amount_com;rd_amount_pub;rd_amount_univ;medi_exp;medhi_imp;elec_exp;elec_imp;aero_exp;aero_imp;hitechall_exp;hitechall_imp;patent_in;patent_out;doctor per mill;GDP_10okuen
1981;US;139757;22319;2428;43.12 ;38.69 ;15.10 ;11538803;2974345;1621268;;;;;;;;;;;;733861
1982;US;148099;23368;2604;44.69 ;37.94 ;14.41 ;12535168;3084126;1667160;;;;;;;;;;;;733217
1983;US;154786;24482;2729;44.86 ;38.28 ;13.79 ;13564940;3374035;1757523;;;;;;;;;;;;774068
1984;US;159211;25154;2814;45.29 ;37.95 ;13.53 ;15241931;3654592;1909701;;;;;;;;;;;;842321
1985;US;161504;25445;2892;46.89 ;36.60 ;13.37 ;16868328;3937158;2110793;;;;;;;;;;;;888507
1986;US;162400;25907;2964;46.51 ;36.17 ;14.30 ;17527210;4060760;2353768;;;;;;;;;;;;934083
1987;US;165352;26703;3029;47.94 ;34.49 ;14.73 ;17917532;4050125;2545140;;;;;;;;;;;;964876
1988;US;170074;27395;3134;45.80 ;35.50 ;15.83 ;18329481;4163552;2746921;;;;;;;;;;;;1011460
1989;US;176279;28267;3209;42.46 ;37.16 ;17.06 ;18952677;4313603;2967216;;;;;;;;;;;;1070733
1990;US;182022;29344;3343;40.69 ;37.73 ;17.88 ;20160860;4415702;3179628;;;;;;;;;;;;1119337
1991;US;190582;30155;3360;38.38 ;38.00 ;19.35 ;21431193;4362488;3402453;;;;;;;;;;;;1150865
1992;US;191942;29998;3415;35.55 ;39.25 ;20.74 ;21689668;4497805;3601662;;;;;;;;;;;;1211260
1993;US;194343;29748;3417;33.35 ;39.93 ;22.17 ;21066833;4477443;3740328;;;;;;;;;;;;1251691
1994;US;197860;30513;3516;32.26 ;39.84 ;23.26 ;21031761;4409088;3871075;;;;;;;;;;;;1305563
1995;US;203390;31388;3722;32.49 ;39.61 ;23.53 ;22660889;4425008;3947634;6363;5581;122118;160234;31588;10907;160070;176722;123962;61892;;1333454
1996;US;223067;34882;4167;32.50 ;38.82 ;24.26 ;24281846;4272190;4045183;7173;7127;131613;162400;39146;13097;177931;182623;106892;71027;;1376894
1997;US;223494;34512;4110;32.51 ;38.48 ;24.52 ;26187495;4251767;4149820;8070;8791;149391;176742;48676;17278;206137;202811;119214;86992;;1445385
1998;US;229332;35303;4236;32.09 ;38.24 ;24.90 ;27831885;4304313;4261009;9474;10936;144237;183410;62677;22193;216389;216539;134733;103786;;1509466
1999;US;229600;35322;4297;29.43 ;38.82 ;26.35 ;29505088;4350011;4451932;11133;13583;158417;207003;60914;24098;230464;244685;149251;108625;;1560518
2000;US;234357;35878;4214;24.21 ;41.12 ;28.23 ;30937536;4411934;4628539;12894;14785;193400;253528;52650;26883;258944;295196;164795;115591;141;1586214
2001;US;233319;35713;4270;21.70 ;42.76 ;28.46 ;30246970;4912773;4903490;15117;18644;162481;208023;57463;31450;235060;258117;177513;116362;137;1584359
2002;US;237600;36254;4371;19.66 ;43.09 ;30.28 ;27873217;5101396;5274213;15826;25148;143531;208723;55300;26572;214657;260443;184245;107679;141;1572372
2003;US;248334;37872;4525;19.70 ;41.98 ;31.63 ;28004228;5194882;5661144;18889;32145;148518;214963;50725;24308;218132;271417;188941;112927;148;1598603
2004;US;258818;39477;4812;21.01 ;40.04 ;32.01 ;27987961;5063472;5817383;23638;35693;162987;250684;55261;24527;241887;310905;189536;141439;161;1641070
2005;US;268704;40517;4812;21.68 ;39.96 ;31.75 ;29299341;5126112;5893318;25572;39594;169116;272966;64500;26112;259189;338672;207867;175491;170;1688917
2006;US;277240;41755;5057;23.04 ;40.05 ;31.07 ;30843912;5220459;5899185;28701;46450;185048;297737;82388;28783;296137;372969;221784;182575;183;1720426
2007;US;282124;42979;5144;23.97 ;40.30 ;30.29 ;32418186;5359950;5951085;32877;53743;183537;302586;94357;34762;310771;391091;241347;196018;192;1739925
2008;US;291481;44670;5525;29.38 ;37.35 ;28.19 ;33964741;5391266;6082292;37503;59602;186396;301427;92821;35299;316720;396329;231588;197298;205;1719129
2009;US;296177;46013;5653;29.96 ;36.50 ;28.06 ;32517573;5547700;6322775;43427;59796;155770;267903;84334;30338;283532;358037;224912;173085;208;1663792
2010;US;304421;47465;5858;25.69 ;38.67 ;30.17 ;31152409;5749601;6485930;43619;65122;183628;324027;80672;31221;307919;420371;241977;191320;219;1674117
2011;US;317960;49398;6176;23.54 ;40.63 ;30.83 ;31601444;5825956;6456713;42042;69366;193549;340478;88919;35144;324510;444987;247750;192987;228;1670119
2012;US;329829;51537;6405;23.91 ;41.16 ;29.93 ;31516912;5506604;6349868;43536;68809;195211;352420;105944;40357;344691;461586;268782;204693;236;1688926
2013;US;342989;52954;6644;23.60 ;41.55 ;29.93 ;32672948;5237956;6234876;43157;66685;196097;355235;116389;46524;355643;468443;287831;213313;247;1700355
2014;US;348208;53549;6771;21.59 ;43.48 ;29.80 ;35112728;5489584;6425194;47540;76106;200335;367857;127258;52913;375133;496876;285096;224420;253;1805648
2015;US;354985;54282;6834;21.66 ;43.39 ;29.81 ;36809589;5528561;6685232;51330;89275;194899;376608;133785;54701;380013;520584;288335;242323;259;1884782
2016;US;366786;54941;6905;19.64 ;42.78 ;31.65 ;39530241;5465984;7153076;50164;95420;191558;372218;136870;49877;378592;517515;295327;226738;268;1973658
2017;US;375282;55340;7128;19.27 ;42.47 ;31.65 ;42162228;5605529;7508356;48159;99718;199285;401951;133243;51575;380687;553243;293904;231563;268;2053351
2018;US;383506;54570;6794;17.62 ;44.86 ;30.97 ;44152732;6159540;7816667;51453;119353;205545;417802;141854;56465;398853;593620;285095;230085;268;2144567
1995;KR;5188;325;17;13.75 ;66.52 ;18.84 ;1698561;390687;188129;239;650;35876;22371;365;2674;36480;25695;59228;7152;;107384
1996;KR;7123;484;25;15.77 ;63.09 ;20.34 ;1854819;410849;237295;260;756;29696;22884;373;3081;30329;26721;68405;11410;;114966
1997;KR;8707;574;25;15.16 ;61.92 ;21.89 ;1989692;432448;286038;269;717;37283;26820;863;2011;38416;29548;67359;13492;;122388
1998;KR;10492;663;40;15.87 ;62.60 ;19.92 ;1713351;425372;271889;284;559;35457;20442;1140;1143;36882;22143;50596;12709;;115639
1999;KR;12207;864;51;16.73 ;53.03 ;27.18 ;1826897;369815;307251;289;724;47554;29874;530;995;48373;31592;55970;11038;;127031
2000;KR;13619;1061;66;21.65 ;50.15 ;25.80 ;2123263;381781;323389;325;819;61900;41197;770;1142;62995;43158;72831;12952;131;134923
2001;KR;15851;1200;82;24.60 ;45.16 ;28.55 ;2424707;393385;331256;311;990;46875;32051;622;949;47808;33990;73714;14691;131;139676
2002;KR;17358;1286;98;18.87 ;50.00 ;28.25 ;2423473;433844;335653;344;1172;55449;34289;440;1303;56234;36765;76570;17678;142;146570
2003;KR;20429;1511;115;16.97 ;49.78 ;30.33 ;2555725;422920;340418;372;1346;67970;40055;544;945;68886;42346;90313;22441;151;147493
2004;KR;24001;1660;154;15.71 ;50.08 ;31.30 ;2878952;452630;377593;447;1688;89534;46493;490;1285;90472;49466;105250;31188;167;153665
2005;KR;26062;1857;168;15.49 ;48.92 ;32.14 ;3048514;470475;393832;497;1946;95946;51043;616;1821;97059;54810;122188;40506;179;157227
2006;KR;28340;1939;143;15.89 ;47.55 ;33.27 ;3406362;509682;438860;595;2529;103288;54953;868;2885;104750;60367;125476;47825;184;162137
2007;KR;28963;2109;183;19.14 ;44.62 ;32.70 ;3730346;570290;521159;802;3116;117348;57304;908;3029;119058;63450;128701;47635;187;170326
2008;KR;33517;2411;203;17.49 ;45.26 ;34.09 ;3866527;618574;571761;995;3402;116585;60707;890;2455;118470;66564;127114;46382;191;171646
2009;KR;36761;2707;235;18.50 ;45.49 ;32.15 ;3933091;689514;587084;1154;3435;105991;50527;982;1853;108126;55815;127316;42917;201;168315
2010;KR;40277;2976;261;18.81 ;45.31 ;32.27 ;4356129;738088;630176;1200;3898;134321;63449;1603;3652;137124;70999;131805;46849;213;175637
2011;KR;44295;3489;366;18.61 ;45.06 ;32.47 ;4801108;735746;632944;1288;4266;132837;69031;1267;4436;135392;77733;138034;49717;233;174643
2012;KR;48309;3850;397;19.57 ;44.70 ;32.46 ;5272071;761140;643648;1479;4568;127595;66436;1542;3595;130616;74598;148136;55699;244;175656
2013;KR;50525;4110;459;19.06 ;45.73 ;31.62 ;5427160;754383;638802;1531;4595;139468;68501;2231;3546;143230;76642;159978;63549;250;174940
2014;KR;53133;4323;477;17.50 ;46.36 ;31.61 ;5892574;844677;681629;1765;5206;145827;75324;2117;3724;149709;84255;164073;66480;255;184731
2015;KR;56103;4623;494;16.81 ;47.74 ;30.44 ;6170103;934547;723822;2271;5133;143694;79715;2118;4581;148082;89430;167275;70910;256;200056
2016;KR;57467;4895;523;14.31 ;48.89 ;31.74 ;6626512;984109;778673;2692;5950;134655;78652;2251;4987;139598;89588;163424;70377;271;213805
2017;KR;58322;5019;637;17.28 ;47.42 ;30.51 ;7563271;1019065;807848;3141;6029;166757;90524;3056;3138;172954;99691;159084;67530;279;221917
2018;KR;60854;5367;592;17.01 ;46.94 ;30.96 ;8269398;1037507;846999;3728;7012;191295;94538;3111;4099;198134;105649;162561;69459;284;227475
1981;JP;25173;2070;151;4.27 ;40.45 ;51.79 ;3629793;661397;966084;;;;;;;;;;;;264642
1982;JP;25967;2071;164;4.20 ;39.55 ;52.51 ;4039018;673082;1026596;;;;;;;;;;;;276163
1983;JP;27697;2391;183;4.55 ;39.47 ;52.49 ;4560127;691359;1090050;;;;;;;;;;;;288773
1984;JP;29062;2493;178;4.98 ;39.96 ;51.90 ;5136634;725685;1132677;;;;;;;;;;;;308238
1985;JP;31124;2573;186;5.23 ;41.05 ;50.24 ;5939947;810759;1174198;;;;;;;;;;;;330397
1986;JP;32678;2629;216;5.62 ;40.45 ;49.39 ;6120163;840223;1202395;;;;;;;;;;;;342266
1987;JP;35270;2881;183;5.09 ;41.53 ;48.44 ;6494268;943179;1283376;;;;;;;;;;;;362297
1988;JP;36624;2980;222;5.02 ;40.73 ;48.91 ;7219318;935255;1318360;;;;;;;;;;;;387686
1989;JP;39162;3125;254;4.67 ;40.07 ;49.60 ;8233820;953755;1389312;;;;;;;;;;;;415885
1990;JP;40869;3236;234;5.00 ;39.08 ;49.82 ;9267166;976867;1496214;;;;;;;;;;;;451683
1991;JP;44632;3384;269;5.33 ;40.87 ;47.56 ;9743048;1047096;1560295;;;;;;;;;;;;473608
1992;JP;46569;3519;312;3.83 ;42.33 ;47.36 ;9560685;1160101;1667900;;;;;;;;;;;;483256
1993;JP;48558;3639;313;4.29 ;42.04 ;47.12 ;9053608;1278640;1786404;;;;;;;;;;;;482608
1994;JP;51275;3859;324;3.66 ;41.80 ;47.50 ;8980253;1226426;1783415;;;;;;;;;;;;502751
1995;JP;53622;4022;336;4.54 ;41.90 ;47.44 ;9395896;1390132;1943005;1859;4868;129431;45416;866;3570;132156;53855;333770;70917;;516202
1996;JP;63411;4747;396;4.35 ;49.32 ;38.76 ;10058409;1328535;2088861;1911;4456;116727;52512;1285;3536;119923;60504;339045;76440;;528843
1997;JP;65380;5042;419;5.17 ;48.11 ;38.78 ;10658357;1306976;2111730;1971;4207;119187;51322;1972;5004;123131;60534;349211;74765;;533393
1998;JP;69317;5266;460;7.61 ;47.10 ;38.16 ;10800063;1402914;2252158;1927;3725;107087;45216;2621;6663;111635;55605;357379;93778;;526004
1999;JP;71357;5342;414;6.35 ;49.24 ;37.76 ;10630161;1481731;2231159;2414;4553;117153;53639;2524;7130;122092;65321;357531;93476;;521924
2000;JP;73545;5382;429;6.15 ;49.98 ;37.22 ;10860215;1513633;2223508;2738;4732;139544;72515;2247;4665;144529;81911;384201;106571;127;528447
2001;JP;73067;5599;481;5.43 ;49.64 ;38.06 ;11451011;1482024;2248215;2720;4998;105533;63465;2691;4025;110944;72488;382815;125686;127;519189
2002;JP;74453;5577;462;5.93 ;50.33 ;37.73 ;11576840;1483211;2158796;2792;5406;105457;60128;2098;6095;110347;71629;365204;118602;128;514855
2003;JP;76672;5605;473;5.80 ;50.54 ;38.27 ;11758939;1460139;2142357;3162;6190;118167;66970;2344;6801;123672;79961;358184;126764;132;517720
2004;JP;77084;5848;511;5.22 ;51.92 ;37.91 ;11867276;1497546;2119125;3514;7108;138900;79294;2155;6890;144569;93292;368416;141607;132;521349
2005;JP;76824;5831;519;5.25 ;48.92 ;40.89 ;12745840;1382200;2234817;3299;8204;134810;84349;2646;7652;140754;100205;367960;162049;136;525643
2006;JP;77235;5799;526;4.83 ;50.43 ;40.19 ;13327391;1430440;2192742;3167;8540;138043;89631;3580;8594;144790;106765;347060;170425;140;529034
2007;JP;75842;5953;555;5.38 ;48.83 ;41.55 ;13830433;1379374;2236149;3143;9172;125187;87464;4280;9796;132610;106433;333498;174762;135;530923
2008;JP;76214;6012;537;4.62 ;52.63 ;38.63 ;13634478;1447364;2022149;3601;11014;124517;89757;4324;9772;132441;110543;330110;179875;131;509482
2009;JP;75549;5932;556;5.03 ;51.45 ;39.91 ;11983844;1457538;2121208;4058;14202;96465;75303;4030;8444;104553;97949;295315;168308;124;491957
2010;JP;74435;5908;569;5.20 ;51.83 ;39.42 ;12010033;1416519;2020508;4237;17351;120620;98490;4233;7240;129090;123081;290081;178357;131;499429
2011;JP;76428;6221;633;4.92 ;49.55 ;42.75 ;12271778;1335473;2106479;4410;21603;120370;104417;5403;6862;130182;132882;287580;187490;124;494043
2012;JP;77120;6232;615;4.98 ;49.82 ;42.10 ;12170475;1369191;2121442;3898;24247;116486;109759;6395;10675;126780;144681;287013;203258;125;494370
2013;JP;78614;6418;692;4.66 ;51.39 ;41.47 ;12691955;1529297;2246108;3574;21633;99530;108733;6924;10763;110027;141130;271731;201409;121;507255
2014;JP;77244;6348;683;4.64 ;50.56 ;41.54 ;13586360;1454760;2197763;3233;20680;96207;110425;7949;10820;107389;141925;265959;200012;118;518235
2015;JP;76710;6227;758;5.32 ;49.54 ;41.86 ;13685745;1377232;2140809;3737;23905;87648;98257;7883;10206;99269;132368;258839;199110;118;532786
2016;JP;79244;6735;783;4.96 ;48.59 ;42.95 ;13318291;1276596;2083097;4396;25200;88201;97296;8176;11834;100772;134329;260244;196306;118;536851
2017;JP;81315;6718;833;4.84 ;50.23 ;41.72 ;13798898;1368366;2103675;4869;23159;96572;106132;7542;10536;108983;139826;260292;200479;119;547586
2018;JP;82727;6783;765;4.44 ;51.29 ;41.00 ;14231616;1389130;2071381;5743;26219;100462;109618;7951;13993;114156;149831;253630;206739;119;548367
1981;GE;31720;2225;203;27.85 ;31.04 ;40.10 ;2967842;601010;734141;;;;;;;;;;;;182981
1982;GE;33461;2343;192;31.43 ;30.13 ;37.49 ;3154523;606105;727458;;;;;;;;;;;;185438
1983;GE;34476;2529;234;25.65 ;33.90 ;39.47 ;3217509;634650;728566;;;;;;;;;;;;190135
1984;GE;34513;2635;220;28.32 ;32.67 ;38.09 ;3407441;656507;753740;;;;;;;;;;;;198383
1985;GE;35979;2735;215;26.68 ;34.09 ;38.26 ;3828751;705890;779708;;;;;;;;;;;;205560
1986;GE;36324;2836;250;27.18 ;33.94 ;37.97 ;4049840;748878;821554;;;;;;;;;;;;213651
1987;GE;37429;2875;259;22.85 ;36.31 ;40.03 ;4259126;786293;854748;;;;;;;;;;;;216305
1988;GE;38194;3020;272;24.17 ;35.80 ;39.25 ;4459125;815486;886482;;;;;;;;;;;;225727
1989;GE;39602;3198;310;22.92 ;37.01 ;39.31 ;4694504;872780;925123;;;;;;;;;;;;239468
1990;GE;41492;3362;316;22.87 ;36.60 ;39.77 ;4857369;898107;983820;;;;;;;;;;;;258619
1991;GE;42478;3698;377;19.46 ;38.43 ;42.11 ;5186601;1078405;1214379;;;;;;;;;;;;313384
1992;GE;42265;3840;345;20.23 ;36.73 ;43.05 ;5071220;1049383;1261084;;;;;;;;;;;;324750
1993;GE;43935;4224;415;18.56 ;38.44 ;43.00 ;4789938;1085062;1259036;;;;;;;;;;;;323397
1994;GE;46064;4573;444;18.10 ;38.18 ;43.72 ;4702214;1076612;1281159;;;;;;;;;;;;332031
1995;GE;48946;4889;454;17.98 ;38.62 ;43.40 ;4746298;1108996;1304645;10082;6587;47959;53524;10215;9579;68257;69690;38103;31582;;335329
1996;GE;56876;5990;550;18.28 ;38.10 ;43.62 ;4755608;1101937;1343962;10344;6863;46857;50727;9832;10612;67033;68202;54335;42985;;335795
1997;GE;60763;6274;599;17.34 ;38.51 ;44.15 ;5005601;1086025;1339132;11476;7047;49028;51978;12575;12598;73079;71624;58284;44677;;339564
1998;GE;64211;6829;629;16.65 ;39.82 ;43.53 ;5215499;1125628;1334344;13996;8310;52847;60439;15892;16896;82735;85646;62640;54204;;346346
1999;GE;65641;7203;688;15.02 ;39.93 ;45.05 ;5710040;1126222;1375299;14745;8593;56161;64496;17819;17629;88725;90718;68219;60059;;349757
2000;GE;66057;7224;719;15.24 ;40.12 ;44.64 ;5841765;1127805;1370569;13496;9341;65513;73779;19565;20398;98574;103517;71840;62858;319;346090
2001;GE;66338;7380;756;14.70 ;40.10 ;45.20 ;5851943;1150983;1410667;17842;10583;64386;72707;22577;19134;104805;102424;71297;67002;304;349929
2002;GE;67100;7695;771;13.38 ;40.13 ;46.49 ;5817042;1154496;1459011;17235;18001;67957;71181;21781;17108;106973;106291;68637;64211;292;346050
2003;GE;67846;7841;807;13.58 ;39.89 ;46.52 ;5915443;1136672;1460843;23219;20556;77628;79523;22592;18930;123440;119009;70519;64122;283;344012
2004;GE;70269;8267;875;13.37 ;41.14 ;45.49 ;5885174;1152766;1414298;33595;26068;99725;96303;24991;23190;158311;145560;71494;74563;284;347088
2005;GE;73448;8891;962;10.83 ;41.02 ;48.14 ;5737591;1167810;1389595;37571;30256;108430;106303;26330;24966;172330;161524;72165;81494;319;339690
2006;GE;75179;9258;1019;11.32 ;40.80 ;47.87 ;6038716;1196954;1418048;44325;34192;118219;121342;33588;34174;196132;189709;72888;87758;299;350025
2007;GE;76806;9771;1122;11.41 ;41.16 ;47.44 ;6181348;1226703;1425864;54809;40468;118710;117274;31835;27202;205354;184945;73036;90762;294;359032
2008;GE;79356;10538;1190;10.93 ;41.37 ;47.70 ;6561959;1331161;1591563;66614;46259;117738;119387;36487;31812;220839;197459;75900;95941;312;362685
2009;GE;82420;10969;1250;10.11 ;41.52 ;48.37 ;6433727;1411332;1686964;64304;46778;92580;100672;40026;33880;196910;181330;72971;89396;312;347546
2010;GE;85415;11801;1430;9.86 ;41.41 ;48.73 ;6513842;1437119;1767155;65550;47473;109257;123211;38061;33878;212868;204561;74401;99255;319;355944
2011;GE;89664;12716;1499;9.84 ;41.12 ;49.05 ;6958528;1495089;1841573;69039;52620;120791;132007;43810;33050;233639;217678;73216;102424;336;366959
2012;GE;93786;13289;1596;10.12 ;40.76 ;49.12 ;7124724;1502103;1851674;70965;46157;114384;120985;50290;32111;235640;199254;73905;109139;333;363628
2013;GE;97049;14049;1718;7.76 ;42.52 ;49.72 ;7003757;1550903;1869942;75279;47775;115791;117660;51112;36106;242183;201540;73929;110559;344;367583
2014;GE;97243;14121;1824;7.92 ;41.91 ;50.17 ;7638610;1651109;2000942;80366;51676;121608;125920;49628;37822;251602;215417;73826;105676;348;392331
2015;GE;100362;14640;1884;8.22 ;41.43 ;50.35 ;8105619;1660382;2040529;75944;47616;111625;119561;49419;33042;236988;200219;72217;103203;358;402950
2016;GE;104441;15474;1970;8.03 ;39.78 ;52.19 ;8806227;1783064;2330539;76446;50541;115020;121251;50718;28971;242184;200763;73574;103601;356;439302
2017;GE;107360;15422;2127;7.90 ;40.44 ;51.65 ;9788148;1918719;2459201;84099;55363;130316;135438;49294;27240;263709;218042;73345;103060;344;461749
2018;GE;109342;15495;1925;;;;10182115;1991204;2622035;97080;59821;141895;147067;51359;29071;290334;235958;73333;106753;344;472293
1981;FR;22462;1710;164;27.16 ;41.73 ;30.03 ;1485263;594827;413877;;;;;;;;;;;;134997
1982;FR;23038;1817;154;25.91 ;44.59 ;28.79 ;1587876;690449;436943;;;;;;;;;;;;140794
1983;FR;23839;1872;162;23.67 ;46.91 ;28.72 ;1621924;754436;452365;;;;;;;;;;;;143889
1984;FR;24333;2028;188;23.89 ;47.55 ;27.92 ;1757129;815273;471938;;;;;;;;;;;;148220
1985;FR;25505;2100;197;26.01 ;45.93 ;27.42 ;1908707;821365;488891;;;;;;;;;;;;152523
1986;FR;26086;2275;197;25.54 ;46.15 ;27.54 ;1973834;851169;505638;;;;;;;;;;;;158604
1987;FR;27058;2399;192;25.33 ;46.36 ;27.50 ;2067442;885772;526234;;;;;;;;;;;;162411
1988;FR;28025;2559;212;24.79 ;46.56 ;27.86 ;2190971;918052;543571;;;;;;;;;;;;171178
1989;FR;28897;2661;222;24.14 ;46.33 ;28.92 ;2415397;957299;595262;;;;;;;;;;;;182380
1990;FR;29819;2737;267;24.74 ;46.63 ;28.05 ;2646409;1059229;638368;;;;;;;;;;;;192604
1991;FR;31417;2966;290;28.14 ;42.53 ;28.79 ;2804922;1033412;688140;;;;;;;;;;;;200321
1992;FR;33263;3131;287;23.62 ;43.40 ;32.56 ;2951793;987951;721693;;;;;;;;;;;;206916
1993;FR;34232;3345;292;21.69 ;44.41 ;33.59 ;2958374;1012860;758955;;;;;;;;;;;;206784
1994;FR;36409;3716;337;19.25 ;44.73 ;35.66 ;2977048;993108;778950;;;;;;;;;;;;212223
1995;FR;38441;3846;373;18.50 ;45.05 ;36.09 ;2945615;1013880;806948;6814;5581;25767;30410;15610;6508;48191;42500;12419;13533;;215538
1996;FR;43332;4537;444;19.36 ;43.71 ;36.52 ;2972410;978909;813298;7186;5730;27632;31663;14157;7434;48975;44827;17601;16776;;217279
1997;FR;45212;4740;493;16.70 ;42.12 ;40.72 ;3016652;900407;840076;7864;5810;30132;32554;16495;9200;54491;47564;18343;18726;;224686
1998;FR;47169;5050;470;14.99 ;42.55 ;41.94 ;3053952;914343;863670;9244;7045;34144;37281;19173;11174;62561;55501;18895;21539;;234160
1999;FR;47995;5109;508;17.03 ;41.26 ;41.13 ;3172804;911111;861926;10189;7792;34472;37967;20030;11451;64691;57209;19772;23924;;238277
2000;FR;48166;5266;490;16.03 ;39.05 ;44.38 ;3218795;891925;965611;10033;7683;37364;42610;20091;11405;67488;61697;20661;25171;172;245977
2001;FR;47805;5239;520;14.42 ;38.63 ;46.47 ;3413500;892221;1021199;12596;9160;32272;37534;21483;11043;66351;57738;20303;24357;139;252652
2002;FR;48393;5406;490;17.05 ;37.78 ;44.71 ;3486081;911245;1039524;14881;10652;29957;35145;20759;10868;65596;56666;20372;23999;139;253463
2003;FR;49469;5530;535;17.84 ;36.90 ;44.76 ;3244127;864238;1003074;18002;12976;31139;39788;22286;11808;71428;64573;20942;23794;135;244389
2004;FR;50463;5740;561;18.66 ;36.99 ;43.83 ;3233323;869951;954734;20772;15763;36497;48416;26095;13771;83363;77951;22310;28671;148;244619
2005;FR;52594;6184;660;16.25 ;39.01 ;44.16 ;3181078;909991;964189;22672;16919;37762;51275;28946;15527;89379;83720;22362;31947;151;249631
2006;FR;54740;6428;716;18.48 ;36.87 ;44.05 ;3324238;869434;1011969;24519;18440;43472;58331;34423;17599;102415;94370;22540;32928;164;256945
2007;FR;55513;6879;758;16.14 ;37.47 ;45.84 ;3349553;869696;1036907;28338;21957;39579;56687;37844;21444;105760;100088;23049;35327;172;262706
2008;FR;59495;7409;792;18.21 ;35.72 ;45.60 ;3413286;869755;1090193;33296;24773;39737;59372;45825;23117;118858;107263;23709;38352;169;263985
2009;FR;61161;7875;895;14.27 ;36.51 ;48.23 ;3529544;933056;1190165;34114;27098;31823;50048;42115;22737;108052;99884;23030;37834;173;258636
2010;FR;62045;8181;935;14.85 ;31.42 ;52.40 ;3589626;796621;1226435;34263;28268;35944;57114;54498;30647;124705;116028;24278;41448;174;260880
2011;FR;64078;8620;1006;13.71 ;32.30 ;52.61 ;3684648;798088;1206826;33699;29608;39759;60126;58478;34135;131936;123870;24287;42912;175;262884
2012;FR;66251;9056;1014;14.44 ;31.43 ;52.47 ;3710215;755804;1196648;35641;29803;37210;55791;64547;38776;137398;124369;24442;45544;179;257974
2013;FR;69007;9621;1215;14.85 ;31.05 ;52.24 ;3817955;771984;1234277;37647;29561;37575;56580;67331;38265;142553;124406;24538;46543;179;264250
2014;FR;68972;9490;1219;14.48 ;30.99 ;52.70 ;3972789;795259;1381139;35772;32359;37119;55173;68924;37905;141815;125437;25116;47193;177;274328
2015;FR;71063;9636;1300;16.20 ;30.75 ;51.35 ;4063427;813436;1402107;30694;26029;33723;50734;63991;39381;128408;116144;25085;47465;182;281303
2016;FR;74001;10289;1328;15.44 ;32.15 ;50.42 ;4371666;853410;1379297;30810;25231;32937;50133;63879;43356;127626;118720;24714;46795;170;302140
2017;FR;74817;10109;1416;16.11 ;31.25 ;50.77 ;4541893;869175;1438914;32091;27598;34735;53402;62702;43001;129528;124001;25040;46047;168;315553
2018;FR;74790;9952;1323;;;;4682830;895269;1467891;34481;29113;37157;54783;67315;35203;138953;119099;24741;44379;168;325433
1981;EG;33065;4435;442;39.25 ;34.59 ;22.90 ;1678314;550071;361286;;;;;;;;;;;;119080
1982;EG;34770;4453;449;;;;2361177;1379297;795259;;;;;;;;;;;;123593
1983;EG;36500;4731;455;38.51 ;33.44 ;24.83 ;1676003;546282;382599;;;;;;;;;;;;130029
1984;EG;37370;4848;514;;;;3972789;594857;434902;;;;;;;;;;;;134949
1985;EG;38608;4914;469;33.97 ;32.93 ;27.76 ;1912866;544132;436949;;;;;;;;;;;;142382
1986;EG;38622;4754;459;39.31 ;27.45 ;29.20 ;2164253;440779;468418;;;;;;;;;;;;149221
1987;EG;39686;4951;542;34.81 ;29.81 ;31.79 ;2179673;434902;502340;;;;;;;;;;;;156883
1988;EG;39995;4778;481;32.12 ;31.00 ;33.11 ;2258595;443758;513910;;;;;;;;;;;;166954
1989;EG;40594;4855;495;32.55 ;32.35 ;31.41 ;2361177;473470;521311;;;;;;;;;;;;174854
1990;EG;42147;5153;541;32.66 ;30.92 ;32.29 ;2441821;459713;549835;;;;;;;;;;;;180736
1991;EG;43622;5189;529;27.99 ;34.20 ;34.25 ;2310110;498938;573623;;;;;;;;;;;;184004
1992;EG;45950;5464;591;24.97 ;37.66 ;36.52 ;2281101;515776;594857;;;;;;;;;;;;187765
1993;EG;46931;5688;582;22.78 ;38.55 ;37.82 ;2384559;527492;632454;;;;;;;;;;;;193603
1994;EG;49342;5924;614;20.32 ;38.90 ;40.20 ;2392970;555076;709880;;;;;;;;;;;;201677
1995;EG;52595;6375;650;20.68 ;39.03 ;39.70 ;2227807;499473;658958;7366;4319;40907;44426;9726;6394;57999;55139;18630;11180;;207766
1996;EG;59085;7329;765;18.62 ;39.73 ;41.04 ;2220346;494294;666820;8035;4698;44986;48914;11789;8414;64810;62026;21523;13559;;216672
1997;EG;59803;7707;838;20.34 ;37.14 ;41.90 ;2271349;479556;687732;8497;5116;46523;49801;16480;12809;71500;67726;21929;15093;;226356
1998;EG;62450;8128;857;23.11 ;34.89 ;41.36 ;2341644;480365;702525;9275;5614;50957;55581;16877;14255;77108;75450;23502;18903;;230257
1999;EG;63763;8142;887;23.40 ;32.14 ;43.64 ;2523084;462536;742060;9829;6677;52302;59499;16657;13720;78788;79897;25471;19225;;232151
2000;EG;65677;8573;974;18.92 ;34.95 ;44.09 ;2528214;491645;801282;10638;7332;58841;71527;17863;13580;87342;92439;26409;19866;195;240672
2001;EG;64001;8335;952;17.79 ;28.06 ;52.33 ;2582723;395451;894617;12785;9102;56426;59241;19238;16701;88449;85044;26276;20477;193;245697
2002;EG;64258;8636;977;15.87 ;25.93 ;55.91 ;2598631;368232;962459;14967;11281;54980;53946;17415;18636;87362;83863;25333;19926;193;248128
2003;EG;66209;8895;1021;19.31 ;27.49 ;51.03 ;2538787;414099;958193;19088;13572;46127;58727;20482;17267;85697;89566;25269;19832;257;251835
2004;EG;68339;9298;1071;19.35 ;27.08 ;51.02 ;2472314;423427;976677;22083;15745;47716;70798;21745;17856;91544;104399;23969;22060;264;257641
2005;EG;70154;9829;1202;15.65 ;26.85 ;54.51 ;2436742;419092;1021613;21965;15858;50209;71788;22398;17924;94572;105570;22483;24437;273;255632
2006;EG;73502;10471;1244;14.63 ;26.10 ;56.55 ;2554857;414064;1082514;25198;17334;49204;72970;25182;21293;99584;111596;22207;25530;288;263409
2007;EG;76070;11242;1386;13.76 ;25.00 ;58.38 ;2650575;388301;1105526;28811;20297;42548;76077;25519;23897;96879;120270;22356;27697;271;262811
2008;EG;77204;12055;1508;13.30 ;25.19 ;58.51 ;2647015;390813;1131380;31452;20728;40936;71819;26167;26530;98554;119078;21593;29679;286;264756
2009;EG;78940;12264;1566;14.64 ;23.54 ;58.67 ;2536126;384704;1173267;31393;20775;34851;58213;24520;25523;90763;104511;20807;27893;300;251204
2010;EG;81858;13075;1639;16.38 ;24.50 ;56.02 ;2556652;399624;1134478;33756;23762;36810;63844;13580;10061;84146;97667;20892;29971;320;254899
2011;EG;85420;13874;1825;19.34 ;23.14 ;55.67 ;2649359;357465;1084599;35803;26306;38133;65116;16491;11161;90427;102584;20107;30682;323;252603
2012;EG;89062;14827;2035;17.41 ;21.92 ;58.70 ;2542328;322942;1071744;36076;27810;34588;63375;34398;25982;105062;117168;20108;31420;348;254478
2013;EG;94236;15880;2136;19.61 ;21.25 ;57.06 ;2687978;332344;1111499;32518;28433;36262;66004;37722;29917;106503;124354;19552;31719;331;259666
2014;EG;95166;16378;2306;21.40 ;19.46 ;56.69 ;2941301;327875;1163911;34166;34482;37215;69171;36193;31602;107573;135254;19922;32648;353;274724
2015;EG;100861;17615;2442;20.78 ;20.58 ;55.68 ;3120561;313338;1196694;36438;34379;34413;66598;36954;29873;107805;130850;19904;33462;359;286413
2016;EG;106554;18624;2480;19.93 ;21.54 ;55.13 ;3320673;324410;1200579;33044;33185;32587;62017;38291;34295;103922;129498;19009;33893;360;305702
2017;EG;110667;18899;2701;19.93 ;21.54 ;55.13 ;3530427;340710;1238599;33150;33705;33340;63451;42126;33464;108616;130620;18632;35193;376;320041
2018;EG;114978;18994;2526;;;;3899346;344655;1271254;33174;33546;34743;70520;43375;30287;111292;134353;18599;37617;376;325845
1991;CH;8252;396;18;;;;683162;850134;147606;;;;;;;;;;;;236746
1992;CH;9120;440;33;;;;836722;926086;193587;;;;;;;;;;;;274909
1993;CH;9909;496;46;;;;912581;982474;245155;;;;;;;;;;;;314812
1994;CH;10848;549;35;;;;969128;945283;283864;;;;;;;;;;;;356847
1995;CH;13576;669;43;;;;977714;941440;271312;1603;406;19120;18992;162;1416;20885;20815;10011;306;;393807
1996;CH;17047;875;65;;;;1049274;1038477;286596;1572;348;21390;18743;192;2798;23153;21890;11628;346;;430756
1997;CH;19349;1070;78;;;;1390992;1226076;342053;1610;331;26560;21709;321;3392;28491;25432;12672;366;;472889
1998;CH;22074;1322;111;;;;1478032;1403186;342525;1760;532;30828;27796;436;3440;33024;31768;13751;403;;509722
1999;CH;25855;1589;118;;;;2013328;1562101;379760;1755;817;36043;37205;614;3384;38412;41406;15626;588;;541618
2000;CH;29681;1872;138;12.29 ;72.70 ;15.02 ;3071969;1612405;438939;1875;943;50914;53948;605;2408;53394;57299;25346;1099;;573615
2001;CH;34770;2358;168;;;;3492685;1718929;567562;2070;1207;59189;61187;511;4925;61769;67318;30038;1198;;614590
2002;CH;38947;2901;267;;;;4234459;1985004;701443;2416;1422;85051;83911;539;4556;88006;89889;39806;1612;;654236
2003;CH;47237;3651;299;10.28 ;70.68 ;19.04 ;4971942;2159562;840411;2972;1692;131348;126808;565;4872;134885;133372;56769;1986;;711545
2004;CH;58602;4523;374;11.97 ;67.25 ;20.78 ;6291098;2161334;962072;3388;1882;192897;176303;763;5417;197048;183602;65786;3231;;774867
2005;CH;71118;5454;493;11.85 ;67.52 ;20.63 ;7668439;2445819;1110097;3976;2300;255680;218439;1044;7289;260701;228028;93485;4463;20;858186
2006;CH;84909;6803;533;13.04 ;66.54 ;20.42 ;9319092;2583477;1208518;4640;2697;323916;267650;1787;11764;330343;282111;122318;6972;25;958037
2007;CH;94132;8213;651;14.09 ;66.45 ;19.46 ;10787600;2870373;1265773;6103;3848;394483;307013;1903;11641;402489;322503;153060;8248;30;1086395
2008;CH;107480;9767;801;13.36 ;65.93 ;20.71 ;12485256;3116689;1440496;8134;5477;438225;318993;2391;11625;448750;336095;194579;9687;32;1178657
2009;CH;124099;11461;1006;13.54 ;67.16 ;19.30 ;15608988;3987401;1720033;8641;6643;392394;286913;1807;12316;402842;305872;229096;12339;35;1280423
2010;CH;136727;13129;1220;13.96 ;64.89 ;21.15 ;17486610;4315834;2014230;10721;7947;508383;375205;2291;14769;521396;397921;293066;15261;35;1389763
2011;CH;159636;16002;1472;15.32 ;63.16 ;21.52 ;20167460;4349086;2111517;11875;11172;564934;414082;2990;16334;579799;441588;415829;20339;36;1495670
2012;CH;184733;19005;1789;16.35 ;62.31 ;21.34 ;23232033;4963872;2312336;11978;13723;622455;461432;3051;20859;637484;496014;535313;26091;37;1595502
2013;CH;218148;23022;2214;16.36 ;62.97 ;20.67 ;26016525;5486721;2455829;12370;15990;678851;509523;3741;26741;694961;552254;704936;29157;38;1699769
2014;CH;251905;26893;2635;16.02 ;63.63 ;20.35 ;29657907;6063417;2647656;13394;18823;678635;491805;5144;32588;697173;543216;801135;36679;38;1890441
2015;CH;282513;31141;3100;15.38 ;63.47 ;21.15 ;32525031;6844792;2984843;13520;20043;675165;490312;6423;30056;695108;540411;968252;42272;38;2050475
2016;CH;310883;35676;3677;14.32 ;63.78 ;21.90 ;37026976;7502223;3269264;13628;21824;617601;466580;6736;27463;637965;515867;1204981;52444;39;2256448
2017;CH;346437;42288;4622;13.47 ;63.46 ;23.07 ;40807011;8005748;3781788;15112;26482;674210;510299;7259;30783;696581;567564;1245709;60371;41;2451828
2018;CH;397565;50194;5777;12.35 ;63.22 ;24.44 ;44891744;8800294;4296183;17485;29190;742617;582147;7834;36481;767936;647817;1393815;66429;43;2653091
;;;;;;;;;;;;;;;;;;;;;;
;;;;;;;;;;;;;;;;;;;;;;
;;;;;;;;;;;;;;;;;;;;;;
;;;;;;;;;;;;;;;;;;;;;;
;;;;;;;;;;;;;;;;;;;;;;
;;;;;;;;;;;;;;;;;;;;;;
;;;;;;;;;;;;;;;;;;;;;;
;;;;;;;;;;;;;;;;;;;;;;
;;;;;;;;;;;;;;;;;;;;;;
;;;;;;;;;;;;;;;;;;;;;;
;;;;;;;;;;;;;;;;;;;;;;
;;;;;;;;;;;;;;;;;;;;;;
;;;;;;;;;;;;;;;;;;;;;;
;;;;;;;;;;;;;;;;;;;;;;
;;;;;;;;;;;;;;;;;;;;;;
;;;;;;;;;;;;;;;;;;;;;;
;;;;;;;;;;;;;;;;;;;;;;
;;;;;;;;;;;;;;;;;;;;;;
;;;;;;;;;;;;;;;;;;;;;;
;;;;;;;;;;;;;;;;;;;;;;
;;;;;;;;;;;;;;;;;;;;;;
;;;;;;;;;;;;;;;;;;;;;;
;;;;;;;;;;;;;;;;;;;;;;
;;;;;;;;;;;;;;;;;;;;;;
;;;;;;;;;;;;;;;;;;;;;;
;;;;;;;;;;;;;;;;;;;;;;
;;;;;;;;;;;;;;;;;;;;;;
;;;;;;;;;;;;;;;;;;;;;;
;;;;;;;;;;;;;;;;;;;;;;
;;;;;;;;;;;;;;;;;;;;;;
;;;;;;;;;;;;;;;;;;;;;;
;;;;;;;;;;;;;;;;;;;;;;
;;;;;;;;;;;;;;;;;;;;;;
;;;;;;;;;;;;;;;;;;;;;;
;;;;;;;;;;;;;;;;;;;;;;
;;;;;;;;;;;;;;;;;;;;;;
;;;;;;;;;;;;;;;;;;;;;;
;;;;;;;;;;;;;;;;;;;;;;
;;;;;;;;;;;;;;;;;;;;;;
;;;;;;;;;;;;;;;;;;;;;;
;;;;;;;;;;;;;;;;;;;;;;
;;;;;;;;;;;;;;;;;;;;;;
;;;;;;;;;;;;;;;;;;;;;;
;;;;;;;;;;;;;;;;;;;;;;
;;;;;;;;;;;;;;;;;;;;;;
;;;;;;;;;;;;;;;;;;;;;;
;;;;;;;;;;;;;;;;;;;;;;
;;;;;;;;;;;;;;;;;;;;;;
;;;;;;;;;;;;;;;;;;;;;;
;;;;;;;;;;;;;;;;;;;;;;
;;;;;;;;;;;;;;;;;;;;;;
;;;;;;;;;;;;;;;;;;;;;;
;;;;;;;;;;;;;;;;;;;;;;
;;;;;;;;;;;;;;;;;;;;;;
;;;;;;;;;;;;;;;;;;;;;;
;;;;;;;;;;;;;;;;;;;;;;
;;;;;;;;;;;;;;;;;;;;;;
;;;;;;;;;;;;;;;;;;;;;;
;;;;;;;;;;;;;;;;;;;;;;
;;;;;;;;;;;;;;;;;;;;;;
;;;;;;;;;;;;;;;;;;;;;;
;;;;;;;;;;;;;;;;;;;;;;
